MAPID;YEAR_CREATED;NAME;STREET_NUMBER;STREET_DIRECTION;STREET_NAME;STREET_TYPE;MERGED_ADDRESS;NUMBER_OF_PLOTS;NUMBER_OF_FOOD_TREES;NOTES;FOOD_TREE_VARIETIES;OTHER_FOOD_ASSETS;JURISDICTION;STEWARD_OR_MANAGING_ORGANIZATION;PUBLIC_E_MAIL;WEBSITE;Geo Local Area;Geom;geo_point_2d
FA001;Pre-2010;0 - Private Developments - Community Shared;;;;;;507;;;;;Private;;;;;;
FA006;2011;Adanac Park Community Garden;1025;;Boundary;Road;1025 Boundary Road, Vancouver, BC;50;8;Some plots are accessible;"1 Early McIntosh Apple; 1 Jonagold apple; 2 italian plum; 2 dwarf anjou pear; 1 hardy evans cherry; 1 hardy juliet cherry";;Park Board;Adanac Community Garden Society;Adanaccommunitygarden@gmail.com;http://adanacparkcommunitygarden.blogspot.ca/;Hastings-Sunrise;"{""coordinates"": [-123.02439453, 49.27558227], ""type"": ""Point""}";49.27558227, -123.02439453
FA013;2012;Brewery Creek Community Garden;2390;;Brunswick;St;2390 Brunswick St, Vancouver, BC;40;11;;"Bramley's seedling apple; cortland apple; early macintosh apple; Jonafree apple; Jonagold apple; Lodi apple; Nova Mac apple; Evans cherry - hardy; Juliet cherry - hardy; Persimmon fuju; van cherry";;Park Board;Urban Diggers Society;brewerycreekgarden@gmail.com;http://brewerycreekgarden.wix.com/home;Mount Pleasant;"{""coordinates"": [-123.09573323, 49.26416489], ""type"": ""Point""}";49.26416489, -123.09573323
FA014;;Burrard View Park;650;N;Penticton;St;650 N Penticton St, Vancouver, BC;0;1;;Cherry;;Park Board;;;;Hastings-Sunrise;"{""coordinates"": [-123.0519175, 49.2912065], ""type"": ""Point""}";49.2912065, -123.0519175
FA015;pre-1970;Callister Park;2875;;Oxford;St;2875 Oxford St, Vancouver, BC;0;4;;Apple;;Park Board;;;;Hastings-Sunrise;"{""coordinates"": [-123.0453833, 49.28618], ""type"": ""Point""}";49.28618, -123.0453833
FA016;2013;Cambie Park Community Garden;500;W;54th;Av;500 W 54th Av, Vancouver, BC;30;;;;;Park Board;Cambie Park Community Gardening Society;southvangreenthumbs@gmail.com;;Oakridge;"{""coordinates"": [-123.1186284, 49.22130853], ""type"": ""Point""}";49.22130853, -123.1186284
FA025;2013;Charleson Park Community Garden;999;;Charleson;St;999 Charleson St, Vancouver, BC;38;;;;;Park Board;False Creek South Neighbourhood Association;charlesongarden@gmail.com;http://www.charlesongarden.ca/;Fairview;"{""coordinates"": [-123.12573796, 49.26776479], ""type"": ""Point""}";49.26776479, -123.12573796
FA036;2008;Cityview Baptist Church;4370;;Sophia;St;4370 Sophia  St, Vancouver, BC;6;1;;Heritage apple;;Private;Neighbours;cityview.community.garden@gmail.com;http://cityviewchurch.ca/;Riley Park;"{""coordinates"": [-123.099148, 49.2459664], ""type"": ""Point""}";49.2459664, -123.099148
FA039;2006;Collingwood Community Gardens;3100;;Vanness;Av;3100 Vanness Av, Vancouver, BC;30;;;;;Translink;Renfrew Collingwood Food Security Institute;foodsecurity@cnh.bc.ca;http://rcfsi.blogspot.ca;Renfrew-Collingwood;"{""coordinates"": [-123.0302, 49.23774], ""type"": ""Point""}";49.23774, -123.0302
FA040;2012;Copley Community Orchard;3590;;Copley;St;3590 Copley St, Vancouver, BC;3;100;;range of varieties of perenial fruit and vegetables;;City;Copley Community Orchard Society;membership@copleycommunityorchard.com;http://www.copleycommunityorchard.com;Kensington-Cedar Cottage;"{""coordinates"": [-123.0578738, 49.2498017], ""type"": ""Point""}";49.2498017, -123.0578738
FA041;1992;Cottonwood Community Garden;857;;Malkin;Av;857 Malkin Av, Vancouver, BC;119;30;Expansion in 2010 - 50 beds with improved accessibility;Apple, cherry, plum, fig, Asian pear, hazelnut, Saskatoon, Satsuma Plum, Pacific Crabapple, Heritage Apples;;Park Board;Strathcona Community Gardeners Society;cottonwoodgarden@gmail.com;https://cottonwood-community-garden.webnode.page/;Strathcona;"{""coordinates"": [-123.08375432, 49.27379855], ""type"": ""Point""}";49.27379855, -123.08375432
FA042;2014;Creekside Community Garden;1;;Athletes;Way;1 Athletes Way, Vancouver, BC;23;10;;;;Park Board;Creekside Community Garden;info@creeksidecommunitygarden.com;http://www.creeksidecommunitygarden.com;Mount Pleasant;"{""coordinates"": [-123.10358615, 49.27222196], ""type"": ""Point""}";49.27222196, -123.10358615
FA045;2009;Davie Village Garden;1157;;Burrard;St;1157 Burrard  St, Vancouver, BC;100;;;;;Private;Vancouver Public Space Network;dvgarden@gmail.com;;West End;"{""coordinates"": [-123.1293018, 49.2795117], ""type"": ""Point""}";49.2795117, -123.1293018
FA048;2011;Dowtown Intercultural Gardeners Society (DIGS);1081;;Burrard;St;1081 Burrard St, Vancouver, BC;46;;corrected from 120 to 46 (28 plots + 18 planters) in 2016;;;Private;Downtown Intercultural Gardeners Society;digsvancouver@gmail.com;http://www.digsvancouver.ca/;West End;"{""coordinates"": [-123.1290006, 49.2805963], ""type"": ""Point""}";49.2805963, -123.1290006
FA056;2010;Falaise Park;3434;;Falaise;Av;3434 Falaise Av, Vancouver, BC;0;25;;Apple, cherry, plum, pear, peach;;Park Board;Vancouver Christian School;;;Renfrew-Collingwood;"{""coordinates"": [-123.0300574, 49.2550923], ""type"": ""Point""}";49.2550923, -123.0300574
FA063;2011;Gaston Park;3470;;Crowley;Drive;3470 Crowley  Drive, Vancouver, BC;0;11;;quince, Asian pear, Saskatoon berry, Italian prune plum;;Park Board;Renfrew Collingwood Food Security Institute;foodsecurity@cnh.bc.ca;https://rcfood.wordpress.com/;Renfrew-Collingwood;"{""coordinates"": [-123.0311899, 49.2362316], ""type"": ""Point""}";49.2362316, -123.0311899
FA067;2011;Grandview Park;1657;;Charles;St;1657 Charles St, Vancouver, BC;0;yes;;Plum espalier;;Park Board;;;;Grandview-Woodland;"{""coordinates"": [-123.0705385, 49.2735193], ""type"": ""Point""}";49.2735193, -123.0705385
FA068;2011;Grandview Terrace;2075;;Woodland;Drive;2075 Woodland Drive, Vancouver, BC;12;;;;;Private;BC Housing;gwfcnetwork@gmail.com;http://gwfoodconnection.wordpress.com/;Grandview-Woodland;"{""coordinates"": [-123.0736131, 49.2662333], ""type"": ""Point""}";49.2662333, -123.0736131
FA073;2010;Hemlock Court;1411;E;17th;Av;1411 E 17th Av, Vancouver, BC;4;;;;;Private;Hemlock Court Housing/Metro Housing;;;Kensington-Cedar Cottage;"{""coordinates"": [-123.0754088, 49.2557102], ""type"": ""Point""}";49.2557102, -123.0754088
FA074;2015;Beaconsfield Park Community Garden;3215;;Slocan;St;3215 Slocan St, Vancouver, BC;40;40;;;;Park Board;Beaconsfield Garden Society;beaconsfieldgarden@gmail.com;;Renfrew-Collingwood;"{""coordinates"": [-123.05060617, 49.25563874], ""type"": ""Point""}";49.25563874, -123.05060617
FA078;2010;John McBride Community Garden;1850;;Spyglass;Place;1850 Spyglass Place, Vancouver, BC;46;;;;;City;Creek Community Gardeners (under  False Creek South Neig'd  Assoc.);mcbridegarden@gmail.com;;Fairview;"{""coordinates"": [-123.1152216, 49.2696835], ""type"": ""Point""}";49.2696835, -123.1152216
FA081;2014;Kingscrest Park Community Garden;4150;;Knight;St;4150 Knight St, Vancouver, BC;20;;;;;Park Board;Cedar Cottage Food Network Society;kingcrestgarden@gmail.com;https://cedarcottagefoodnetwork.com/;Kensington-Cedar Cottage;"{""coordinates"": [-123.07433222, 49.24700923], ""type"": ""Point""}";49.24700923, -123.07433222
FA082;2011;Kits Village Collaborative Garden;1407;;Laburnum;St;1407 Laburnum St, Vancouver, BC;;5;;"Cortland apple; Golden Reinette Apple; dwaf Anjou pear; dwarf Red Sensation pear; Persimmon Fuju";;Private;Village Vancouver;ross@villagevancouver.ca;;Kitsilano;"{""coordinates"": [-123.1514277, 49.273327], ""type"": ""Point""}";49.273327, -123.1514277
FA085;1986;Kitsilano Community Garden;2027;W;6th;Av;2027 W 6th Av, Vancouver, BC;55;15;;Apple (2), Pear (2), Cheery (2), Plum (4), Apricot (1), Hazelnut (1), Fig (1), Apple/Pear (2);;Park Board;Kitsilano Community Garden Association;Kitsgarden.membership@gmail.com;http://kitsilanocommunitygarden.blogspot.ca/;Kitsilano;"{""coordinates"": [-123.15102375, 49.26661593], ""type"": ""Point""}";49.26661593, -123.15102375
FA086;2008;Kitsilano Neighbourhood House;3683;W;4th;Av;3683 W 4th Av, Vancouver, BC;5;;;;;Private;Kitsilano Neighbourhood House;;http://www.kitshouse.org;Kitsilano;"{""coordinates"": [-123.1852422, 49.2686566], ""type"": ""Point""}";49.2686566, -123.1852422
FA088;2010;Ladybug Garden;1688;E;8th;Av;1688 E 8th Av, Vancouver, BC;48;7;6;plum, apple, crab apple, fig;;City;The Britannia Community Services Centre Society;gwfcnetwork@gmail.com;http://facebook.com/ladybugcommunitygarden;Grandview-Woodland;"{""coordinates"": [-123.0703978, 49.2629678], ""type"": ""Point""}";49.2629678, -123.0703978
FA091;2015;Let’s Grow Together! Community Garden;2475;;Franklin;St;2475 Franklin St, Vancouver, BC;6;;;;;Private;St. David of Wales Angclican Church;;;Hastings-Sunrise;"{""coordinates"": [-123.05491, 49.282211], ""type"": ""Point""}";49.282211, -123.05491
FA093;1996;Maple Community Garden;1900;W;6th;Av;1900 W 6th Av, Vancouver, BC;53;5;;Fig, Apple, Plum;;City;None;info@maplecommunitygarden.ca;http://maplecommunitygarden.ca/;Kitsilano;"{""coordinates"": [-123.148045, 49.2663131], ""type"": ""Point""}";49.2663131, -123.148045
FA094;2012;Marpole Family Place;1305;W;70th;Av;1305 W 70th Av, Vancouver, BC;8;;;;;Private;Marpole Family Place;;;Marpole;"{""coordinates"": [-123.1347288, 49.2087963], ""type"": ""Point""}";49.2087963, -123.1347288
FA100;2011;Memorial West Park;4701;;Dunbar;St;4701 Dunbar St, Vancouver, BC;0;15;;Apple, pear, cherry;;Park Board;;;;Dunbar-Southlands;"{""coordinates"": [-123.1852852, 49.2442721], ""type"": ""Point""}";49.2442721, -123.1852852
FA101;2013;Menno Simmons centre;4000;W;11th;Av;4000 W 11th Av, Vancouver, BC;10;;;;;Private;;;;West Point Grey;"{""coordinates"": [-123.1939437, 49.2626337], ""type"": ""Point""}";49.2626337, -123.1939437
FA104;2003;Mole Hill Community Gardens;1100 block;;Jepson-Young;Lane;1100 block of Jepson-Young Lane, Vancouver, BC;70;1;;Italian Prune Plum;;Private;Mole Hill Community Housing Society;admin@molehillhousing.ca;https://www.mole-hill.ca/mole-hill-community-garden/;West End;"{""coordinates"": [-123.130556, 49.282056], ""type"": ""Point""}";49.282056, -123.130556
FA105;2012;Mount Pleasant Community Garden;3161;;Ontario;St;3161 Ontario St, Vancouver, BC;30;16;;"1 early macintosh apple; 1 fuji red sport apple; 2 italian plum; 1 lapins cherry; 1 stella cherry; 1 anjou pear dwarf; 1 red sensation pear dwarf; 1 persimmon fuju (espalier), lemon, Jonamac, Shamrock, Stella Cherry, Golden Russet";;Park Board;Urban Diggers Society;mtpleasantcommunitygarden@gmail.com;https://www.facebook.com/MountPleasantCommunityGarden/;Mount Pleasant;"{""coordinates"": [-123.10564148, 49.25739572], ""type"": ""Point""}";49.25739572, -123.10564148
FA106;2008;Nelson Park Community Garden;1020;;Bute;St;1020 Bute St, Vancouver, BC;38;yes;Expansion in 2014 - 35 beds including accessible ones;;;Park Board;Nelson Park Community Garden Society;nelsonparkgarden@gmail.com;;West End;"{""coordinates"": [-123.13022752, 49.28308969], ""type"": ""Point""}";49.28308969, -123.13022752
FA108;2011;Norquay Community Learning Orchard;2732;;Horley;St;2732 Horley St, Vancouver, BC;0;8;;Heritage apples, pears, Asian pear, cherry, plums, fig, garry oak;;City;Collingwood Neighbourhood House Society;foodsecurity@cnh.bc.ca;https://rcfood.wordpress.com/norquay-orchard/;Renfrew-Collingwood;"{""coordinates"": [-123.0491218, 49.2403942], ""type"": ""Point""}";49.2403942, -123.0491218
FA110;2009;Pandora Park Community Garden;2325;;Franklin;St;2325 Franklin St, Vancouver, BC;66;4;;2 apple, 2 plum;;Park Board;Pandora Park Community Garden Society;pandoraparkcommunitygarden@gmail.com;http://pandoraparkgarden.wordpress.com/;Grandview-Woodland;"{""coordinates"": [-123.05937732, 49.28239193], ""type"": ""Point""}";49.28239193, -123.05937732
FA111;2009;Farmers at 57th;700;W;57th;St;700 W 57th St, Vancouver, BC;32;;;;;Private;Farmers on 57th;hello@farmerson57th.ca;http://www.farmerson57th.ca;Oakridge;"{""coordinates"": [-123.1169049, 49.219033], ""type"": ""Point""}";49.219033, -123.1169049
FA114;2015;Pine Street Community Garden (6th and Fir Park);1605;W;6th;Av;1605 W 6th Av, Vancouver, BC;16;16;;Apple, pear, plum, cherry;;City and Park Board;Pine Street Community Garden Society;pinestreetcommunitygardens@gmail.com;http://pinestreetgardens.org/;Fairview;"{""coordinates"": [-123.14208457, 49.26633958], ""type"": ""Point""}";49.26633958, -123.14208457
FA120;2011;Ross Park;7402;;Ross;St;7402 Ross St, Vancouver, BC;0;15;;Apple, pear, cherry;;Park Board;;;;Sunset;"{""coordinates"": [-123.0817007, 49.2161584], ""type"": ""Point""}";49.2161584, -123.0817007
FA123;2008;South Vancouver Family Place 1;7710;;Nanaimo;St;7710 Nanaimo St, Vancouver, BC;8;;;;;Private;South Vancouver Family Place;;;Victoria-Fraserview;"{""coordinates"": [-123.0593383, 49.2143436], ""type"": ""Point""}";49.2143436, -123.0593383
FA124;2011;South Vancouver Family Place 2;7715;;Muirfield;Drive;7715 Muirfield Drive, Vancouver, BC;3;;;;;Private;South Vancouver Family Place;;;Victoria-Fraserview;"{""coordinates"": [-123.056519, 49.2141567], ""type"": ""Point""}";49.2141567, -123.056519
FA125;2008;South Vancouver Youth Centre Day Program;4866;;Fraser;St;4866 Fraser St, Vancouver, BC;3;;;;;Private;South Van Youth Ctr Day Program;;;Kensington-Cedar Cottage;"{""coordinates"": [-123.0902841, 49.2406636], ""type"": ""Point""}";49.2406636, -123.0902841
FA134;2009;Sunset Park;404;E;51st;Av;404 E 51st Av, Vancouver, BC;0;29;;Fruit;;Park Board;;ki.plants@gmail.com;https://mysunset.net/;Sunset;"{""coordinates"": [-123.09795356, 49.22235386], ""type"": ""Point""}";49.22235386, -123.09795356
FA136;2012;Tenth Church;11;W;10th;Av;11 W 10th Av, Vancouver, BC;10;;;;;Private;Tenth Church;;;Mount Pleasant;"{""coordinates"": [-123.1058605, 49.2623383], ""type"": ""Point""}";49.2623383, -123.1058605
FA139;2008;The Rise on Cambie;485;W;8th;Av;485 W 8th Av, Vancouver, BC;18;;;;;Private;Strata Council;;;Mount Pleasant;"{""coordinates"": [-123.1144868, 49.2640067], ""type"": ""Point""}";49.2640067, -123.1144868
FA140;2014;Trillium Park North Artists Garden;580;;Malkin;Av;580 Malkin Av, Vancouver, BC;4;;;;;Park Board;Earthand Gleaners Society;earthandgleaners@gmail.com;https://earthand.com/category/trillium-north-park/;Strathcona;"{""coordinates"": [-123.09269404, 49.27528736], ""type"": ""Point""}";49.27528736, -123.09269404
FA141;2011;Tupper Neighbourhood Greenway;400;E;23rd;Av;400 E 23rd Av, Vancouver, BC;0;6;;apple trees, berry bushes and fruit vines;;City;Tupper Greenway Urban Orchard Project;;;Riley Park;"{""coordinates"": [-123.093947, 49.250166], ""type"": ""Point""}";49.250166, -123.093947
FA142;2010;UP! Elgin community garden;5332;;Windsor;St;5332 Windsor St, Vancouver, BC;24;3;;;;City;Fraser Kensington Community Garden Society;upelgincommunitygarden@googlegroups.com;;Kensington-Cedar Cottage;"{""coordinates"": [-123.084388, 49.2365575], ""type"": ""Point""}";49.2365575, -123.084388
FA145;;Van Dusen Botanical Gardens;5251;;Oak;St;5251 Oak St, Vancouver, BC;0;yes;;Heritage apple;;Park Board;Van Dusen Botanical Garden Association;;;Shaughnessy;"{""coordinates"": [-123.1280384, 49.2375047], ""type"": ""Point""}";49.2375047, -123.1280384
FA157;2016;City Heights;155;E;37;Av;155 E 37 Av, Vancouver, BC;;;;;;Private;City Heights;;;Sunset;"{""coordinates"": [-123.102833, 49.232228], ""type"": ""Point""}";49.232228, -123.102833
FA159;2017;4th and MacDonald;;;;;;100;;;;;Private;Shifting Growth;;;Kitsilano;"{""coordinates"": [-123.167928, 49.268683], ""type"": ""Point""}";49.268683, -123.167928
FA161;2017;Broadway and Alma;;;;;;100;;;;;Private;Shifting Growth;;;Kitsilano;"{""coordinates"": [-123.185381, 49.264105], ""type"": ""Point""}";49.264105, -123.185381
FA164;2017;Chilean Housing Coop;3390;;School;Av;3390 School Av, Vancouver, BC;10;;;;;Private;Chilean Housing Coop;;;Killarney;"{""coordinates"": [-123.032907, 49.23112], ""type"": ""Point""}";49.23112, -123.032907
FA171;2018;Chinatown Peace Church;375;E;Pender;St;375 E Pender St, Vancouver, BC;10;;;;;Private;Chinatown Peace Church;;;Strathcona;"{""coordinates"": [-123.095684, 49.280471], ""type"": ""Point""}";49.280471, -123.095684
FA173;2018;Our Lady of Sorrows Convent;2811;;Venables;St;2811 Venables St, Vancouver, BC;9;;;;;Private;Franciscan Sisters of the Eucharist;;;Hastings-Sunrise;"{""coordinates"": [-123.045928, 49.276969], ""type"": ""Point""}";49.276969, -123.045928
FA175;2016;HFBC Housing Foundation;2950;;Euclid;St;2950 Euclid St, Vancouver, BC;12;;;;;Private;HFBC Housing Foundation;;;Renfrew-Collingwood;"{""coordinates"": [-123.043697, 49.240111], ""type"": ""Point""}";49.240111, -123.043697
FA178;1985;Nicholson Towers;1115;;Nelson;St;1115 Nelson St, Vancouver, BC;28;;;;;Private;Bloomgroup;None;;West End;"{""coordinates"": [-123.1279113, 49.2828118], ""type"": ""Point""}";49.2828118, -123.1279113
FA180;2019;Dany Guincher House;475;E;Broadway;;475 E Broadway , Vancouver, BC;3;;;;;Private;Jewish Family Services;None;;Mount Pleasant;"{""coordinates"": [-123.0935368, 49.2625681], ""type"": ""Point""}";49.2625681, -123.0935368
FA188;2020;Colonial Arms Vegetable Garden;8680;;Fremlin;St;8680 Fremlin St, Vancouver, BC;15;;;;;Private;Colonial Arms Apartments;scottharding8680colonialarms@gmail.com;;Marpole;"{""coordinates"": [-123.127177, 49.207365], ""type"": ""Point""}";49.207365, -123.127177
FA190;2021;P'ipa:m Lelum Indigenous Garden;2690;;Grant;St;2690 Grant St, Vancouver, BC;1;0;;;;Park Board;Frog Hollow Neighbourhood House;ws@froghollow.bc.ca;https://www.froghollow.bc.ca/waacus-salee-programs-indigenous-garden/;Hastings-Sunrise;"{""coordinates"": [-123.049715631262, 49.2712182052006], ""type"": ""Point""}";49.2712182052006, -123.049715631262
FA192;2008;Cedar Cottage Community Garden;2021;;Stainsbury;Av;2021 Stainsbury  Av, Vancouver, BC;61;13;;"EARLY MCINTOSH; GOLDEN DELICIOUS SMOOTHEE APPLE; SHAMROCK APPLE; CRIMSON PASSION CHERRY; RAINIER CHERRY; SKEENA CHERRY; DAMSON PLUM; ITALIAN PLUM; REDGLOW PLUM - HARDY; PERSIMMON, plums, fig, pear";;Translink;Cedar Cottage Garden Society;themembershipteam@cedarcottagegarden.org;http://www.cedarcottagegarden.org;Kensington-Cedar Cottage;"{""coordinates"": [-123.0642552, 49.251444], ""type"": ""Point""}";49.251444, -123.0642552
FA002;2014;15th Avenue Coop;1255;E;15th;Av;1255 E 15th Av, Vancouver, BC;8;;;;;Private;;;;Mount Pleasant;"{""coordinates"": [-123.0788387, 49.2571193], ""type"": ""Point""}";49.2571193, -123.0788387
FA003;2008;16 Oaks;1018;W;16th;Av;1018 W 16th Av, Vancouver, BC;55;;;;;Private;;oak.16th.garden@gmail.com;;Shaughnessy;"{""coordinates"": [-123.1276645, 49.2567482], ""type"": ""Point""}";49.2567482, -123.1276645
FA007;1942;East Boulevard Allotment Plots;7176;E;;Boulevard;7176 E  Boulevard, Vancouver, BC;71;;;;;City;City of Vancouver;communitygardens@vancouver.ca;;Kerrisdale;"{""coordinates"": [-123.1505481, 49.2209834], ""type"": ""Point""}";49.2209834, -123.1505481
FA009;2010;Atira Community Garden;400;;Hawks;Av;400 Hawks Av, Vancouver, BC;15;;;;;Private;Atira Community Resources;;http://www.atira.bc.ca/community-garden-kitchens;Strathcona;"{""coordinates"": [-123.0871212, 49.2810913], ""type"": ""Point""}";49.2810913, -123.0871212
FA011;2015;BC Seniors Living Assoc. Garden;3355;E;5 th;Av;3355 E  5 th Av, Vancouver, BC;11;;;;;Private;BC Seniors Living Assoc. Beulah Homes Society;;;Hastings-Sunrise;"{""coordinates"": [-123.032578, 49.266474], ""type"": ""Point""}";49.266474, -123.032578
FA017;;Carnarvon Park;2995;W;19th;Av;2995 W 19th Av, Vancouver, BC;0;15;;Apple;;Park Board;;;;Arbutus Ridge;"{""coordinates"": [-123.171486, 49.2565789], ""type"": ""Point""}";49.2565789, -123.171486
FA024;;Charles Park;3400;;Charles;St;3400 Charles St, Vancouver, BC;0;1;;Crabapple;;Park Board;;;;Hastings-Sunrise;"{""coordinates"": [-123.0308947, 49.2732079], ""type"": ""Point""}";49.2732079, -123.0308947
FA026;2009;Chester's Field Garden;5333;;Chester;St;5333 Chester  St, Vancouver, BC;11;3;;"anjou dwarf pear; conference dwarf pear";;City;Fraser Kensington Community Garden Society;chestersfield@gmail.com;;Kensington-Cedar Cottage;"{""coordinates"": [-123.0896066, 49.236648], ""type"": ""Point""}";49.236648, -123.0896066
FA027;2010;Cheyenne Community Garden;2755;;Cheyenne;Av;2755 Cheyenne Av, Vancouver, BC;35;5;inc by 3 plots in 2016;Plums, heritage apples;;City;Collingwood Neighbourhood House Society;foodsecurity@cnh.bc.ca;http://rcfsi.blogspot.ca;Renfrew-Collingwood;"{""coordinates"": [-123.0480587, 49.2414955], ""type"": ""Point""}";49.2414955, -123.0480587
FA028;2009;Cambridge Community Garden;2050;;Wall;St;2050 Wall St, Vancouver, BC;5;;;;;City;;;;Grandview-Woodland;"{""coordinates"": [-123.062203, 49.2854905], ""type"": ""Point""}";49.2854905, -123.062203
FA029;2008;China Creek Community Garden;1255;E;10th;Av;1255 E 10th Av, Vancouver, BC;23;3;;2 apple, 1 plum, and raspberry bushes;;Park Board;Urban Diggers Society;"dig@vcn.bc.ca
604-734-4673.";;Mount Pleasant;"{""coordinates"": [-123.07886814, 49.26199318], ""type"": ""Point""}";49.26199318, -123.07886814
FA034;2013;City Hall expansion;453;W;12th;Av;453 W 12th Av, Vancouver, BC;10;;;;;City;Vancouver City Hall Community Garden Association;vancouvercityhallgarden@gmail.com;;Mount Pleasant;"{""coordinates"": [-123.1139357, 49.2613159], ""type"": ""Point""}";49.2613159, -123.1139357
FA035;2009;City Hall Lawn Garden;453;W;12th;Av;453 W 12th Av, Vancouver, BC;38;5;;Apple;;City;Vancouver City Hall Community Garden Association;vancouvercityhallgarden@gmail.com;;Mount Pleasant;"{""coordinates"": [-123.1139357, 49.2613159], ""type"": ""Point""}";49.2613159, -123.1139357
FA043;2009;CROWS Point Community Garden;2299;E;24th;Av;2299 E 24th Av, Vancouver, BC;37;3;;;;City;CROWS Point Community Garden Society;crows.point@gmail.com;https://www.facebook.com/crowspoint/;Kensington-Cedar Cottage;"{""coordinates"": [-123.0579937, 49.2488724], ""type"": ""Point""}";49.2488724, -123.0579937
FA046;;Delamont Park;2091;W;7th;Av;2091 W 7th Av, Vancouver, BC;0;8;;Cherry, Asian pear, plum, hazelnut;;Park Board;;;;Kitsilano;"{""coordinates"": [-123.152619, 49.2658197], ""type"": ""Point""}";49.2658197, -123.152619
FA047;2006;Douglas Park;801;W;22nd;Av;801 W 22nd Av, Vancouver, BC;0;13;;Pear, apple, plum, cherry;;Park Board;;;;South Cambie;"{""coordinates"": [-123.1222139, 49.2516505], ""type"": ""Point""}";49.2516505, -123.1222139
FA051;2013;Dundee Community Garden;5395;;Dundee;St;5395 Dundee St, Vancouver, BC;23;4;;Apple;;City;Dundee Court Housing Co-op;dundeegardens@hotmail.com;;Renfrew-Collingwood;"{""coordinates"": [-123.0479743, 49.2357653], ""type"": ""Point""}";49.2357653, -123.0479743
FA052;1996;Elisabeth Rogers Community Garden;110;W;7th;Av;110 W 7th  Av, Vancouver, BC;56;12;;Fuji (red sport), Jonagold, Nova Mac, Italian plum, Damson plum, Dwarf Comice pear, Dwarf Red Sensation pear, dwarf Sierra Pear;;Park Board;Urban Diggers Society;"waitlist.ercg@gmail.com
info.ercg@gmail.com  
dig@vcn.bc.ca
604-879-3676";http://dig.vcn.bc.ca/Elizabeth_Rogers;Mount Pleasant;"{""coordinates"": [-123.10722312, 49.26450808], ""type"": ""Point""}";49.26450808, -123.10722312
FA053;2013;Emma G Coop;2250;;Fraser;St;2250 Fraser St, Vancouver, BC;8;;;;;Private;;;;Mount Pleasant;"{""coordinates"": [-123.088762, 49.264569], ""type"": ""Point""}";49.264569, -123.088762
FA055;;Everett Crowley Park;8200;;Kerr;St;8200 Kerr St, Vancouver, BC;0;2;;Cherry, pear;;Park Board;;;;Killarney;"{""coordinates"": [-123.0380764, 49.2111116], ""type"": ""Point""}";49.2111116, -123.0380764
FA057;1986;Fraser River Park;8705;;Angus;Drive;8705 Angus Drive, Vancouver, BC;0;36;;Native Crabapple;;Park Board;;;;Kerrisdale;"{""coordinates"": [-123.1518406, 49.2082762], ""type"": ""Point""}";49.2082762, -123.1518406
FA059;2010;Fraserview Golf Course;7800;;Vivian;Drive;7800 Vivian Drive, Vancouver, BC;0;30;;Apple, cherry;;Park Board;;;;Victoria-Fraserview;"{""coordinates"": [-123.0539872, 49.2134354], ""type"": ""Point""}";49.2134354, -123.0539872
FA060;2007;Frog Hollow Neighbourhood House Garden 1;2690;;Grant;Street;2690 Grant Street, Vancouver, BC;5;;;;;Park Board;Frog Hollow Neighbourhood House;food@froghollow.bc.ca;http://www.froghollow.bc.ca;Hastings-Sunrise;"{""coordinates"": [-123.04973362841, 49.271202579932], ""type"": ""Point""}";49.271202579932, -123.04973362841
FA062;2009;Garden of Eatin';2670;;Victoria;Drive;2670 Victoria Drive, Vancouver, BC;26;2;;apple trees, plums, blueberries and raspberries;;Private;First Christian Reformed Church;garden.van1crc@gmail.com;http://van1crc.org/the-garden/;Kensington-Cedar Cottage;"{""coordinates"": [-123.0658918, 49.2606376], ""type"": ""Point""}";49.2606376, -123.0658918
FA066;pre 2000;Grandview Elementary Community Garden;2055;;Woodland;Drive;2055 Woodland Drive, Vancouver, BC;24;5;3mx3m community plots in addition to school garden;yes;Earth Tub composter;Private;Grandview Garden Coordinator (VCH SMART funding);;;Strathcona;"{""coordinates"": [-123.07831, 49.265917], ""type"": ""Point""}";49.265917, -123.07831
FA070;2009;Habitat Villa - Metro Housing;3859;W;2nd;Av;3859 W 2nd Av, Vancouver, BC;4;;;;;Private;Habitat Villa/Metro Housing;;;West Point Grey;"{""coordinates"": [-123.1903871, 49.2704557], ""type"": ""Point""}";49.2704557, -123.1903871
FA071;2012;Hastings Community Centre Learning Garden;3096;E;Hastings;St;3096 E Hastings St, Vancouver, BC;25;;;;;Park Board;Seasons of Food;"info@seasonsoffood.com
seasonsoffoodhcc@gmail.com
604-718-6230";https://www.facebook.com/SeasonssOfFoodVancouver/;Hastings-Sunrise;"{""coordinates"": [-123.03943167, 49.28037436], ""type"": ""Point""}";49.28037436, -123.03943167
FA072;2008;Hastings St Folk Garden;117;E;Hastings;St;117 E Hastings St, Vancouver, BC;150;;;;;Private;Portland Housing Society;;;Downtown;"{""coordinates"": [-123.1015964, 49.2814414], ""type"": ""Point""}";49.2814414, -123.1015964
FA079;2009;Kaslo Gardens Community Vegetable Garden;2765;;Cooperative;Way;2765 Cooperative Way, Vancouver, BC;16;;;;;Private;Kaslo Gardens Housing Cooperative;;;Renfrew-Collingwood;"{""coordinates"": [-123.0490748, 49.257436], ""type"": ""Point""}";49.257436, -123.0490748
FA083;2008;16th & Pine Community Garden;1708;W;16th;Av;1708 W 16th Av, Vancouver, BC;16;;;;;Private;;16thpinecommunitygarden@gmail.com;;Fairview;"{""coordinates"": [-123.1437758, 49.2570894], ""type"": ""Point""}";49.2570894, -123.1437758
FA084;2014;Kitsilano Community Centre Garden;2690;;Larch;St;2690 Larch St, Vancouver, BC;15;;;;;Park Board;Kitsilano Community Centre Association;"kitscc@vancouver.ca
604-257-6976";https://kitscc.com/facilities/collaborative-community-garden/;Kitsilano;"{""coordinates"": [-123.16207568, 49.26196809], ""type"": ""Point""}";49.26196809, -123.16207568
FA087;2009;Kiwassa Neighbourhood House Community Garden;2425;;Oxford;St;2425 Oxford St, Vancouver, BC;11;;;;;Private;Kiwassa Neighbourhood House;nancym@kiwassa.ca;http://www.kiwassa.ca/;Hastings-Sunrise;"{""coordinates"": [-123.05605, 49.2857204], ""type"": ""Point""}";49.2857204, -123.05605
FA096;2013;Matheson Heights Housing Coop;3554;;Sparrow;Place;3554 Sparrow Place, Vancouver, BC;16;;;;;Private;;;;Killarney;"{""coordinates"": [-123.0257105, 49.2131744], ""type"": ""Point""}";49.2131744, -123.0257105
FA098;1996;McSpadden Park Community Garden;2125;;Victoria;Drive;2125 Victoria  Drive, Vancouver, BC;18;;;;;Park Board;McSpadden Agricultural Project Society;mcspaddengarden@gmail.com;http://mcspaddengarden.blogspot.ca/;Grandview-Woodland;"{""coordinates"": [-123.06644596, 49.26651352], ""type"": ""Point""}";49.26651352, -123.06644596
FA113;2006;Pine St. Community Garden;1605;W;6th;Av;1605 W 6th Av, Vancouver, BC;40;;;;;City;Pine Community Garden Association;pinestreetcommunitygardens@gmail.com;http://pinestreetgardens.org/;Fairview;"{""coordinates"": [-123.1413634, 49.266421], ""type"": ""Point""}";49.266421, -123.1413634
FA118;2011;Robson Park Coop;234;E;15th;Av;234 E 15th Av, Vancouver, BC;40;;;;;Private;Robson Park Co-op;;;Mount Pleasant;"{""coordinates"": [-123.099907, 49.2572409], ""type"": ""Point""}";49.2572409, -123.099907
FA126;1978;Sparwood Park;6998;;Arlington;St;6998 Arlington St, Vancouver, BC;0;17;;Crabapple, hazelnut;;Park Board;;;;Killarney;"{""coordinates"": [-123.0293224, 49.220271], ""type"": ""Point""}";49.220271, -123.0293224
FA129;1990;Vancouver Compost Demonstration Garden;2150;;Maple;St;2150 Maple St, Vancouver, BC;0;;;;;City;SPEC;;;Kitsilano;"{""coordinates"": [-123.1503918, 49.2666383], ""type"": ""Point""}";49.2666383, -123.1503918
FA130;2015;St. Augustines Anglican Church;8680;;Hudson;St;8680 Hudson  St, Vancouver, BC;8;;;;;Private;St. Augustines Anglican Church;;;Marpole;"{""coordinates"": [-123.134266, 49.207178], ""type"": ""Point""}";49.207178, -123.134266
FA135;2002;Tea Swamp Community Garden;255;E;16th;Av;255 E 16th Av, Vancouver, BC;20;4;;2 apple, 2 fig, raspberry canes, blueberry, grape;;Park Board;Urban Diggers Society;teaswampgarden@gmail.com;http://dig.vcn.bc.ca/teaswampgarden;Mount Pleasant;"{""coordinates"": [-123.09901122, 49.25693534], ""type"": ""Point""}";49.25693534, -123.09901122
FA143;2007;Urban Acres;1601;W;1st;Av;1601 W 1st  Av, Vancouver, BC;30;;;;;Private;Urban Acres;;;Fairview;"{""coordinates"": [-123.1410769, 49.270591], ""type"": ""Point""}";49.270591, -123.1410769
FA144;pre-1970;Valdez Park;3210;W;22nd;Av;3210 W 22nd Av, Vancouver, BC;0;6;;Apple;;Park Board;;;;Dunbar-Southlands;"{""coordinates"": [-123.1764742, 49.2524296], ""type"": ""Point""}";49.2524296, -123.1764742
FA149;2013;Woodland Park Community Garden;705;;Woodland;Drive;705 Woodland Drive, Vancouver, BC;64;3;;Jonamac Apple, Italian Prune, Pacific Crabapple;;Park Board;Village Vancouver Transition Society;woodlandparkgarden@gmail.com;http://woodlandcommunitygarden.wordpress.com;Grandview-Woodland;"{""coordinates"": [-123.07383824, 49.27845355], ""type"": ""Point""}";49.27845355, -123.07383824
FA156;2016;Pender Community Garden;2595;E;Pender;St;2595 E Pender St, Vancouver, BC;;;;;;Private;;;;Hastings-Sunrise;"{""coordinates"": [-123.052293, 49.28068], ""type"": ""Point""}";49.28068, -123.052293
FA158;2010;Moberley Cultural Herb Garden;7646;;Prince Albert;St;7646 Prince Albert St, Vancouver, BC;5;;;;;Park Board;Moberly Arts and Cultural Centre;Moberlyarts@vancouver.ca;https://moberlyartscentre.ca/artists-residencies/;Sunset;"{""coordinates"": [-123.08685681, 49.21496752], ""type"": ""Point""}";49.21496752, -123.08685681
FA163;2017;Cambie and 16th Avenue;;;;;;100;;;;;Private;Shifting Growth;;;Riley Park;"{""coordinates"": [-123.114695, 49.256768], ""type"": ""Point""}";49.256768, -123.114695
FA167;2017;Mount Pleasant Demonstration Garden;24;W;16th;Av;24 W 16th Av, Vancouver, BC;8;;;;;Private;;;;Riley Park;"{""coordinates"": [-123.105469, 49.256471], ""type"": ""Point""}";49.256471, -123.105469
FA168;2017;Oak and 41st;;;;;;100;;;;;Private;Shifting Growth;;;Oakridge;"{""coordinates"": [-123.128507, 49.233617], ""type"": ""Point""}";49.233617, -123.128507
FA170;2018;Brightside Home Foundation - Wallace Wilson;1620;E;6th;Av;1620 E 6th Av, Vancouver, BC;3;;;;;Private;Brightside Community Homes Foundation;;;Grandview-Woodland;"{""coordinates"": [-123.071167, 49.264956], ""type"": ""Point""}";49.264956, -123.071167
FA179;2019;The Hopeful Garden;548;E;28th;Av;548 E 28th Av, Vancouver, BC;3;;;;;Private;Inner Hope Youth Ministries;None;;Riley Park;"{""coordinates"": [-123.0929942, 49.2455678], ""type"": ""Point""}";49.2455678, -123.0929942
FA183;2019;221A;271;;Union;St;271 Union St, Vancouver, BC;10;;;;;Private;;info@semi-public.com;http://semi-public.com;Strathcona;"{""coordinates"": [-123.097379, 49.2778879], ""type"": ""Point""}";49.2778879, -123.097379
FA184;;Van Tech secondary school;2600;E;Broadway;;2600 E Broadway , Vancouver, BC;0;5;;;;Private;;;;Renfrew-Collingwood;"{""coordinates"": [-123.051705, 49.261776], ""type"": ""Point""}";49.261776, -123.051705
FA186;2020;FSE Herb Garden (Fransiscan Sister of the Eucharist);2811;;Venables;St;2811 Venables St, Vancouver, BC;5;;;;;Private;Franciscan Sisters of the Eucharist;samc@ourfse.org;;Hastings-Sunrise;"{""coordinates"": [-123.046256, 49.276805], ""type"": ""Point""}";49.276805, -123.046256
FA004;2007;1755 West 14th - Private apartment building garden;1755;W;14th;Av;1755 W 14th Av, Vancouver, BC;;;;;;Private;Apartment residents;;;Fairview;"{""coordinates"": [-123.1448703, 49.2590496], ""type"": ""Point""}";49.2590496, -123.1448703
FA008;;Arbutus Village Park;4202;;Valley;Drive;4202 Valley Drive, Vancouver, BC;0;9;;Crabapple;;Park Board;;;;Arbutus Ridge;"{""coordinates"": [-123.1549951, 49.2507172], ""type"": ""Point""}";49.2507172, -123.1549951
FA010;;Barclay Heritage Square;1433;;Barclay;St;1433 Barclay St, Vancouver, BC;0;2;;Apple;;Park Board;;;;West End;"{""coordinates"": [-123.13284501, 49.28738755], ""type"": ""Point""}";49.28738755, -123.13284501
FA018;2011;Cartier Park;390;E;36th;Av;390 E 36th Av, Vancouver, BC;0;6;;Apple;;Park Board;;;;Riley Park;"{""coordinates"": [-123.0975115, 49.2376052], ""type"": ""Point""}";49.2376052, -123.0975115
FA021;2013;Cedar Cottage Neighourhood House Edible Garden;4065;;Victoria;Drive;4065 Victoria Drive, Vancouver, BC;12;;;;;Private;Cedar Cottage Neighbourhood House;;;Kensington-Cedar Cottage;"{""coordinates"": [-123.0651476, 49.2488871], ""type"": ""Point""}";49.2488871, -123.0651476
FA022;;Champlain Heights Park;3351;;Maquinna;Drive;3351 Maquinna  Drive, Vancouver, BC;0;1;;Apple;;Park Board;;;;Killarney;"{""coordinates"": [-123.0326603, 49.2164913], ""type"": ""Point""}";49.2164913, -123.0326603
FA023;2010;Champlain Place Community Garden;3347;E;58th;Av;3347 E 58th Av, Vancouver, BC;8;;;;;Private;BC Housing;;;Killarney;"{""coordinates"": [-123.0352463, 49.2167296], ""type"": ""Point""}";49.2167296, -123.0352463
FA030;1993;China Creek Housing Co-op;1230;E;8th;Av;1230 E  8th  Av, Vancouver, BC;30;;;;;City;China Creek Housing Co-op;;;Mount Pleasant;"{""coordinates"": [-123.0832689, 49.2643106], ""type"": ""Point""}";49.2643106, -123.0832689
FA031;2006;China Creek North Park;1001;E;7th;Av;1001 E 7th Av, Vancouver, BC;0;38;;Apple, cherry, pear, plum;;Park Board;;;;Mount Pleasant;"{""coordinates"": [-123.07798, 49.2611153], ""type"": ""Point""}";49.2611153, -123.07798
FA032;2013;Church of the Good Sheppard;189;W;11th;Av;189 W 11th Av, Vancouver, BC;8;;;;;Private;;;;Mount Pleasant;"{""coordinates"": [-123.1089655, 49.2614867], ""type"": ""Point""}";49.2614867, -123.1089655
FA038;2014;Clark Park Orchard;1500;E;15th;Av;1500 E 15th Av, Vancouver, BC;0;9;;;;Park Board;Trout Lake Vancouver Community Centre Association;clarkparkorchard@gmail.com;https://clarkparkorchard.wordpress.com/;Kensington-Cedar Cottage;"{""coordinates"": [-123.073727, 49.257484], ""type"": ""Point""}";49.257484, -123.073727
FA044;1995;Cypress Community Garden;1800;W;6th;Av;1800 W 6th Av, Vancouver, BC;55;15;;Clapp's Favourite Pear, dwarf;;City;;cypress@vcn.bc.ca;http://www.cypresscommunitygarden.ca/;Kitsilano;"{""coordinates"": [-123.1456636, 49.2662772], ""type"": ""Point""}";49.2662772, -123.1456636
FA058;2014;Fraserlands Community Garden (Riverfront Park);2750;E;South Kent;St;2750 E South Kent St, Vancouver, BC;38;;;;;Park Board;South Vancouver Neighbourhood House;fraserlandscommunitygardening@gmail.com;https://www.facebook.com/FraserlandsCommunityGardening/;Killarney;"{""coordinates"": [-123.05065448, 49.20587682], ""type"": ""Point""}";49.20587682, -123.05065448
FA061;2007;Frog Hollow Neighbourhood House Garden 2;2131;;Renfrew;St;2131 Renfrew  St, Vancouver, BC;6;;;;;City;Frog Hollow Neighbourhood House;food@froghollow.bc.ca;http://www.froghollow.bc.ca;Hastings-Sunrise;"{""coordinates"": [-123.044393, 49.2654085], ""type"": ""Point""}";49.2654085, -123.044393
FA064;2012;Grace Memorial Church;803;E;16th;Av;803 E 16th Av, Vancouver, BC;15;;;;;Private;Grace Memorial Church;;;Mount Pleasant;"{""coordinates"": [-123.0874186, 49.2564075], ""type"": ""Point""}";49.2564075, -123.0874186
FA080;2010;Kerrisdale Community Garden;7500;;Angus;Drive;7500 Angus Drive, Vancouver, BC;22;4;;anjou dwarf pear, compact stella, shamrock, persimmon;;City;Kerrisdale Community Garden Committee (under Kerrisdale Community Centre Society);kerrisdalecommunitygarden@gmail.com;http://kerrisdalecommunitygarden.com;Marpole;"{""coordinates"": [-123.1482727, 49.2177463], ""type"": ""Point""}";49.2177463, -123.1482727
FA090;2011;Langara College Community Garden;6648;;Ontario;St;6648 Ontario St, Vancouver, BC;26;;;;;Private;Langara Community Garden Society;;https://courseweb.langara.bc.ca/langaracommunitygarden/;Sunset;"{""coordinates"": [-123.105789, 49.2245248], ""type"": ""Point""}";49.2245248, -123.105789
FA092;2013;Maclean Housing;705;;Jackson;Av;705 Jackson Av, Vancouver, BC;65;;;;;Private;;;;Strathcona;"{""coordinates"": [-123.0935914, 49.2784286], ""type"": ""Point""}";49.2784286, -123.0935914
FA095;2013;Marpole Place expansion;1305;W;70th;Av;1305 W 70th Av, Vancouver, BC;6;;;;;Private;;;;Marpole;"{""coordinates"": [-123.1347288, 49.2087963], ""type"": ""Point""}";49.2087963, -123.1347288
FA097;2009;McCleery Golf Course;7188;;Macdonald;St;7188 Macdonald  St, Vancouver, BC;0;5;;Cherry, apple;;Park Board;;;;Kerrisdale;"{""coordinates"": [-123.1683146, 49.221493], ""type"": ""Point""}";49.221493, -123.1683146
FA099;2006;Means of Production Garden;1001;E;7th;Av;1001 E 7th Av, Vancouver, BC;20;25;;Mix of cherry, plum, apple;;Park Board;Environmental Youth Alliance;earthandgleaners@gmail.com;https://moparrc.com/;Mount Pleasant;"{""coordinates"": [-123.08501953, 49.2655009], ""type"": ""Point""}";49.2655009, -123.08501953
FA103;2006;MOBY Community Garden;1737;E;11th;Av;1737 E 11th Av, Vancouver, BC;45;;;;;City;My Own Back Yard;mobyrevival@gmail.com | mobycommunitygarden@gmail.com;http://mobygarden.wordpress.com/;Kensington-Cedar Cottage;"{""coordinates"": [-123.0688879, 49.2604731], ""type"": ""Point""}";49.2604731, -123.0688879
FA107;2008;New Brighton Park;3201;;New Brighton;Road;3201 New Brighton Road, Vancouver, BC;0;50;;Apple, pear, cherry;;Park Board;;;;Hastings-Sunrise;"{""coordinates"": [-123.0361825, 49.288757], ""type"": ""Point""}";49.288757, -123.0361825
FA112;2007;Pine  St. Community Orchard;1708;W;6th;Av;1708 W 6th Av, Vancouver, BC;47;;;;;City and Park Board;Pine Community Garden Association;pinestreetcommunitygardens@gmail.com;http://pinestreetgardens.org/;Fairview;"{""coordinates"": [-123.1435022, 49.2662399], ""type"": ""Point""}";49.2662399, -123.1435022
FA115;2014;Briarpatch Garden;248;;Princess;Av;248 Princess Av, Vancouver, BC;20;;;;;Private;Neighbours;briargarden@protonmail.com;;Strathcona;"{""coordinates"": [-123.091439, 49.282147], ""type"": ""Point""}";49.282147, -123.091439
FA117;1996;Robson Park Community Garden;565;;Kingsway;;565 Kingsway , Vancouver, BC;44;;;;;Park Board;Urban Diggers Society;robsongarden@gmail.com;;Mount Pleasant;"{""coordinates"": [-123.09231872, 49.25867473], ""type"": ""Point""}";49.25867473, -123.09231872
FA119;2015;Rooted for Life Garden;1415;;Barclay;St;1415 Barclay St, Vancouver, BC;;;;;;Private;;;;West End;"{""coordinates"": [-123.132872, 49.287355], ""type"": ""Point""}";49.287355, -123.132872
FA121;1988;Sahalli  Community Garden;2398;;Fraser;St;2398 Fraser St, Vancouver, BC;54;;;;;Park Board;Urban Diggers Society;"dig@vcn.bc.ca
604-879-3676";http://dig.vcn.bc.ca/;Mount Pleasant;"{""coordinates"": [-123.0885931, 49.2636848], ""type"": ""Point""}";49.2636848, -123.0885931
FA127;2006;SPEC Cambie Communal Garden;2615;;Cambie;St;2615 Cambie St, Vancouver, BC;17;;;;;City;SPEC;cambiesqvol@gmail.com;;Fairview;"{""coordinates"": [-123.1155183, 49.2615932], ""type"": ""Point""}";49.2615932, -123.1155183
FA128;2012;SPEC Rooftop Garden;535;;Hornby;St;535 Hornby St, Vancouver, BC;9;;;;;Private;SPEC;;;Downtown;"{""coordinates"": [-123.1178337, 49.2857348], ""type"": ""Point""}";49.2857348, -123.1178337
FA131;2003;Stanley Park Community Garden;975;;Lagoon;Drive;975 Lagoon Drive, Vancouver, BC;32;;;;;Park Board;;innersanctum2003@yahoo.ca;;;"{""coordinates"": [-123.13855459, 49.29367168], ""type"": ""Point""}";49.29367168, -123.13855459
FA133;1985;Strathcona Community Garden;857;;Malkin;Av;857 Malkin Av, Vancouver, BC;200;104;;"Bramley's seedling apple; cannor select; cortland; golden delicious smoothee; jonafree; nova mac; shamrock; flemish beauty; hosui; golden spice (hardy); ure pear (hardy); italian plum; pembina plum (hardy); redglow plum (hardy); compact stella cherry; lapin cherry; schatten morello cherry; van cherry; conference dwarf pear; flemish beauty dwarf pear; highland dwarf pear; red sensation dwarf pear; sierra dwarf pear; persimmon fuju and more, Satsuma Plum, Jonamac Apple, Shamrock Apple, Northern Spy Apple, Meteor cherry";;Park Board;Strathcona Community Gardeners Soc.;strathcona.garden.info@gmail.com;http://strathconagardens.ca/;Strathcona;"{""coordinates"": [-123.08797176, 49.27600308], ""type"": ""Point""}";49.27600308, -123.08797176
FA138;2015;The James Garden & Social Community;288;W;1st;Av;288 W 1st  Av, Vancouver, BC;12;;;;;Private;;;;Mount Pleasant;"{""coordinates"": [-123.111763, 49.269003], ""type"": ""Point""}";49.269003, -123.111763
FA146;2011;Village on False Creek;215;W;1st;Av;215 W 1st  Av, Vancouver, BC;47;0;;;;City;Village on False Creek Community Gardens Society;villagecommunitygardens@gmail.com;http://villagecommunitygardens.com/;Mount Pleasant;"{""coordinates"": [-123.110591204405, 49.2708223341636], ""type"": ""Point""}";49.2708223341636, -123.110591204405
FA147;1999;Wall Street Community Garden;2099;;Wall;St;2099 Wall St, Vancouver, BC;42;;;;;Park Board;Kiwassa Neighbourhood Services Association;wallstreetgarden@gmail.com;;Grandview-Woodland;"{""coordinates"": [-123.06186949, 49.28656975], ""type"": ""Point""}";49.28656975, -123.06186949
FA148;;Westmount Park;4651;W;2nd;Av;4651 W 2nd Av, Vancouver, BC;0;2;;Apple;;Park Board;;;;West Point Grey;"{""coordinates"": [-123.2144218, 49.2718445], ""type"": ""Point""}";49.2718445, -123.2144218
FA151;2016;Deeper Roots Seniors Community Garden;5350;;Baillie;St;5350 Baillie St, Vancouver, BC;10;;;;;Private;Oakridge Adventist Church;;http://deeproots.ca;South Cambie;"{""coordinates"": [-123.1218448, 49.2369358], ""type"": ""Point""}";49.2369358, -123.1218448
FA152;2016;Aberthau Garden Project;4397;W;2nd;Av;4397 W 2nd Av, Vancouver, BC;10;;;;;Park Board;;ross@villagevancouver.ca;http://www.villagevancouver.ca/page/aberthau-garden-project-1;West Point Grey;"{""coordinates"": [-123.20477766, 49.27214278], ""type"": ""Point""}";49.27214278, -123.20477766
FA154;2016;Community Alternatives Coop Community Garden;1937;W;2nd;Av;1937 W 2nd Av, Vancouver, BC;20;;;;;Private;;;;Kitsilano;"{""coordinates"": [-123.149194, 49.270065], ""type"": ""Point""}";49.270065, -123.149194
FA155;2016;Vera Community Garden;575;SW;Marine;Drive;575 SW Marine Drive, Vancouver, BC;12;;;;;Private;;;http://www.communityalternativescoop.com;Marpole;"{""coordinates"": [-123.119179, 49.209683], ""type"": ""Point""}";49.209683, -123.119179
FA160;2017;Alma and 10th;;;;;;100;;;;;Private;Shifting Growth;;;Kitsilano;"{""coordinates"": [-123.185464, 49.26324], ""type"": ""Point""}";49.26324, -123.185464
FA162;2017;Broadway and Victoria;;;;;;100;;;;;Private;Shifting Growth;;;Kensington-Cedar Cottage;"{""coordinates"": [-123.064979, 49.262089], ""type"": ""Point""}";49.262089, -123.064979
FA165;2017;Dunbar and 39th;;;;;;100;;;;;Private;Shifting Growth;;;Dunbar-Southlands;"{""coordinates"": [-123.18568, 49.236212], ""type"": ""Point""}";49.236212, -123.18568
FA166;2017;HFBC Housing Foundation;2085;W;5th;Av;2085 W 5th Av, Vancouver, BC;12;;;;;Private;;;;Kitsilano;"{""coordinates"": [-123.152475, 49.267434], ""type"": ""Point""}";49.267434, -123.152475
FA169;2018;Brightside Home Foundation - King's Daughters;1400;E;11th;Av;1400 E 11th Av, Vancouver, BC;3;;;;;Private;Brightside Community Homes Foundation;;;Kensington-Cedar Cottage;"{""coordinates"": [-123.075082, 49.260319], ""type"": ""Point""}";49.260319, -123.075082
FA174;2016;HFBC Housing Foundation;2924;;Venables;St;2924 Venables St, Vancouver, BC;12;;;;;Private;HFBC Housing Foundation;;;Hastings-Sunrise;"{""coordinates"": [-123.043281, 49.276211], ""type"": ""Point""}";49.276211, -123.043281
FA176;;John Hendry (Trout Lake) Park;3300;;Victoria;Drive;3300 Victoria Drive, Vancouver, BC;4;;;;;Park Board;;;https://cedarcottagefoodnetwork.com/projects-events/medicine-wheel-garden-at-john-henry-park/;Kensington-Cedar Cottage;"{""coordinates"": [-123.06367871, 49.255098], ""type"": ""Point""}";49.255098, -123.06367871
FA177;2018;Riley Park;50;E;30th;Av;50 E 30th Av, Vancouver, BC;20;;;;;Park Board;;info@rileyparkgarden.org;https://www.rileyparkgarden.org/;Riley Park;"{""coordinates"": [-123.10448685, 49.24298494], ""type"": ""Point""}";49.24298494, -123.10448685
FA181;2018;Still Creek Community Garden;2750;E;29th;Av;2750 E 29th Av, Vancouver, BC;45;;;;;Park Board;Collingwood Neighbourhood House Society;stillcreekcommunitygarden@gmail.com;https://rcfood.wordpress.com/;Renfrew-Collingwood;"{""coordinates"": [-123.045562, 49.243584], ""type"": ""Point""}";49.243584, -123.045562
FA182;2019;Macleod Manor Community Garden;8725;;French;St;8725 French St, Vancouver, BC;5;;;;;Private;Brightside Community Homes Foundation;;;Marpole;"{""coordinates"": [-123.1396302, 49.2069012], ""type"": ""Point""}";49.2069012, -123.1396302
FA185;2020;Astoria Community Garden;369;;Hawks;Av;369 Hawks Av, Vancouver, BC;138;;;;;Private;managed by DTES NH House;ED@dtesnhouse.ca;;Strathcona;"{""coordinates"": [-123.087377, 49.28134], ""type"": ""Point""}";49.28134, -123.087377
FA187;2020;Centrepoint Gardens;2990;;Quebec;St;2990 Quebec St, Vancouver, BC;20;;;;;Private;Centrepoint Development;centrepoint.caretaker@hotmail.com;;Mount Pleasant;"{""coordinates"": [-123.102952, 49.258797], ""type"": ""Point""}";49.258797, -123.102952
FA189;1978;City Farmer Compost Demonstration Centre;2150;;Maple;St;2150 Maple St, Vancouver, BC;1;;;;;City;City Farmer;cityfarmer@gmail.com;https://cityfarmer.info/;Kitsilano;"{""coordinates"": [-123.1497228, 49.2666997], ""type"": ""Point""}";49.2666997, -123.1497228
FA191;2022;Chen Chen Stway at Oxford Park;;;Wall;St;;;;;;;;;;;Grandview-Woodland;"{""coordinates"": [-123.062440610206, 49.2854432824465], ""type"": ""Point""}";49.2854432824465, -123.062440610206
